"store_type","order_count","total_sales","percentage_of_total_sales"
"Local","78339",4201732.459999615,4201732.459999615
"Mall Kiosk","13137",706188.7100000026,706188.7100000026
"Outlet","9208",508411.3700000036,508411.3700000036
"Super Store","19273",1045395.5800000018,1045395.5800000018
"Web Portal","43",1067.77,1067.77
